{"capital": 9.375929675557908, "quantity": 8.329290161046064e-07, "boughtPrices": [8771.76, 8771.77, 8771.88197], "constantPrices": [8784.894553], "constant": 2.3715012523974238e-05}