{"capital": 100.0, "quantity": 0.0, "boughtPrices": [8590.959907], "constantPrices": [8600.478361, 8600.46], "constant": 0.0}