{"capital": 10.000057100771444, "quantity": 2.2785726915207972e-05, "boughtPrices": [8765.748809, 8748.374912], "constantPrices": [8600.478361, 8600.46, 8735.300706, 8777.417296, 8757.526001], "constant": 2.2381040670569883e-05}