{"capital": 9.800266041430817, "quantity": 2.2785726915207972e-05, "boughtPrices": [8590.959907, 8765.748809], "constantPrices": [8600.478361, 8600.46, 8735.300706, 8777.417296], "constant": 2.2785726915207972e-05}