{"capital": 100.863539, "quantity": 0.0, "boughtPrices": [], "constantPrices": ["8648.973310", "8659.070000", "8657.695724", "8646.890000", 8647.2, 8640.38, 8640.78, 8642.97736, 8646.45448, 8646.45448, 8643.28, 8639.107076, 8634.05]}